[{"tag":"head","title":"理发","shareable":true,"contact":true},{"tag":"h3","text":"本部"},{"tag":"p","head":"校内","text":"浴池二楼一共有两家，Mr.Hope觉得都差不多。两家理发店剪得还可以，但是理发师的水平有些不齐。北苑超市旁也开了一家理发店。"},{"tag":"p","head":"校外","text":"从小南门出去左转，在文昌路上有两家(有一家刚开不久)，不算太远但远没有浴池近。"},{"tag":"h3","text":"净月"},{"tag":"p","head":"校内","text":"二食堂楼下(书店、水果店旁)、浴池外洗衣房旁"},{"tag":"p","head":"校外","text":"身处本部的校会君期望好心人提供(请点击右下角右联系开发者)。"},{"tag":"foot","author":"Mr.Hope","time":"2019/2/10"}]