[{"tag":"head","title":"打印","shareable":true,"contact":true},{"tag":"h3","text":"本部"},{"tag":"p","head":"位置","text":"   浴池二楼、北苑超市旁、南苑、图书馆一楼、图书馆电子阅览室、北苑地下一楼"},{"tag":"h3","text":"净月"},{"tag":"p","head":"位置","text":"   二食堂超市对面复印店、师大图文复印店"},{"tag":"gzh","icon":"/image/nenuyouth.png","gzhName":"东师青年","title":"东师史上最全的复印店数据大评估","desc":"快来走进东师青年和校会君一起看","src":"http://mmbiz.qpic.cn/mmbiz_jpg/s67UCDghNJlZj12wxUnVnmUZgOFJlZE8fToOYsx95sr68ia53XIH9heyQ5mo7owCibia4sU3X5uH8oMdk59icfelPw/0?wx_fmt=jpeg","url":"http://mp.weixin.qq.com/s/SIVZp56HZTmvMfqua2c_VQ","remark":"复印店数据评估"},{"tag":"foot","author":"Mr.Hope","time":"2018/08/24"}]