[{"tag":"head","title":"超市","shareable":true,"contact":true},{"tag":"h3","text":"超市位置"},{"tag":"p","head":"本部","text":"   兴学园超市位于北苑地下一层，售卖文体用品、水果、小食品、生活用品等。北苑超市物品齐全，基本想要的东西都可以在这里买到，而且近期刚经过装修，采用了新款收银台直接扫码即可。兴学园超市为平价，价格与大型超市持平。\n   南苑1F也有一个私人开的超市，价格为普通零售价，较贵。主要售卖大众食品饮料以及常用生活用品等，东西不全。"},{"tag":"p","head":"超市周边","text":"   在北苑超市周围，坐落着其他店铺，以满足同学们的日常需求。有奶茶店、干果店、眼镜店、服装店、药店、移动运营店、电脑维修店、打印店、仿吾书店、ATM机以及自动取票机(吐槽一句：几乎从来不能用)等"},{"tag":"p","head":"净月","text":"净月超市位于校区二食堂一楼"},{"tag":"p","style":"font-size:13px;","text":"   身处本部的校会君希望好心人提供净月超市的照片和介绍。请戳右下角。"},{"tag":"p","head":"超市周边","text":"   净月净月超市周边包括干果店、打印店、水果店、饮品店、仿吾书店、眼镜店、服装店、药店、移动运营店、电脑维修店等。"},{"tag":"h3","text":"ATM机位置"},{"tag":"p","head":"本部","text":"   区域位于学校超市旁，目前已有ATM入驻的银行有交通银行（可存钱）、中国邮政储蓄银行、中国农业银行、长春农业银行、中国建设银行等"},{"tag":"p","head":"净月","text":"   区域位于一食堂北边（靠近博硕路一侧），目前已有ATM入驻的银行有交通银行(可存钱) 、中国银行、中国建设银行、中国邮政储蓄银行、中国农业银行。另外，纽瓦克学院（行政楼）一楼也有交通银行取款机。"},{"tag":"foot","author":"Mr.Hope","time":"2018/08/24"}]