[{"tag":"head","title":"东北师范大学图书馆","display":false},{"tag":"swiper","url":["http://www.library.nenu.edu.cn/Resources/file/20130416/20130416144131_0781.jpg","http://www.library.nenu.edu.cn/Resources/file/20130416/20130416144831_6250.jpg"]},{"tag":"h3","text":"东北师范大学图书馆"},{"tag":"p","head":"图书馆简介","text":"东北师范大学图书馆创建于1946年，经历了解放战争、文革洗礼和改革开放，在学校的大力支持下，图书馆秉持“以用户为中心，建设开放式、研究型、数字化的新型图书馆”的目标，积极推动传统服务向智力服务转型，充分发挥图书馆在学校人才培养、科学研究、社会服务和文化传承创新中的作用。\n图书馆由本部校区图书馆和净月校区图书馆组成，总建筑面积38300平方米，阅览座位5054席。图书馆设立各类阅览室支持学生多样化学习。在纸质阅览环境中，中文、外文图书借阅室满足学生借阅需求，参考阅览室保障学生在馆阅读，工具书阅览室为学习研究提供考据。在电子阅览环境中，多媒体阅览室为学生提供多媒体学习资料即取即用，资源丰富、设备先进，电子阅览室供学生上网、培训。第一学习空间将学生虚拟学习与现实学习充分结合，每个座位有电源、有光源，四周配有各类普识性和考试类图书。学习研讨空间培养学生创造性思维与协作能力，添加投影仪和讨论用的玻璃板等，学生可以进行研讨与展示。针对我校艺术类学科教学需求进一步推出了升级版的学习共享空间，暨“美术创新空间”以及筹建中的“音乐创新空间”、“微课创新空间”等。改造后的空间不仅仅是学生的自习室，还是延伸学习、小组讨论、头脑风暴的场地和教师上课的教室。\n截止到2015年12月31日，图书馆和各学院资料室藏书总量约365.4万册。图书馆馆藏古籍资源丰富，古籍收藏量在全国高校图书馆中名列前茅。有线装古籍32万册，内有善本书4200余种、50000多册，明版书800余种、清代禁毁书数十种、钞本近百种。日伪时期东北地方文献、解放前的重要期刊、东北解放区出版的期刊收藏较全。目前，有49部古籍入选“国家珍贵古籍名录”，有168部古籍入选“吉林省珍贵古籍名录”。前后有两批4部古籍进京参加全国古籍特展。图书馆现有电子图书229.5万种，订购各种网络数据库134种，本馆自建特色数据库21个。2014年，作为国内首家高校图书馆与国家图书馆达成了资源共享协议，为师生增加了80个数据库的使用权。同时，注重加强学习型、教学型资源建设，订购教学资源类数据库5个、学习资源类数据库14个。  "},{"tag":"p","head":"联系方式","text":"地址：中国吉林省长春市人民大街5268号\n 邮编：130024."},{"tag":"foot","desc":"来源：东北师范大学官网"}]