[{"tag":"head","title":"体育学院","display":false},{"tag":"swiper","url":["http://pe.nenu.edu.cn/images/shouyetu.jpg","http://pe.nenu.edu.cn/new/img/b-list.jpg"]},{"tag":"h3","text":"体育学院"},{"tag":"p","head":"学院简介","text":"一、创建东北大学体育卫生系（1948年6月至1950年4月）\n1948年6月新中国成立前夕，中共东北局决定：东北大学与吉林大学合并，保留东北大学校名。学校委派王迪光同志任系副主任，筹建体育卫生系，隶属于学校第一部自然科学部管理，学校设在吉林市八百垄原长白师范学院校址，1948年10月第一批青年学生共16人入学。\n二、更名为东北师范大学体育系（1950年4月至1958年4月）\n1950年3月28日东北人民政府教育部发布命令：自4月1日起将原东北大学改为东北师范大学，东北大学体育卫生系改为东北师范大学体育系。新中国成立后的1950年，东北师范大学体育系第一届有本科11人，专科12人毕业，成为新中国第一所培养人民体育教师的摇篮。王迪光成为新中国第一所培养体育人才摇篮的创建人。1953年秋，东北师范大学建成了处于国内领先地位的E字形体育综合馆，由篮球、排球、武术、体操、乒乓球等7个馆组成。1954年又建成了标准的400米田径场，极大促进了教学质量的提升，为东北师范大学体育系发展与腾飞，为培养更多更好的优秀体育人才奠定了坚实的物质基础。\n三、组建长春体育学院（1958年4月至1961年11月）\n在此期间，章祖愈同志翻译《英国中学生的中距离跑训练》（1959年）、《教学赛跑中的自然跑进》（1959年）、《大运动量训练参考资料》（1959年）、《训练田径运动员的教学法基础》（1960年）为新中国体育科学发展奠定了坚实的理论基础。\n四、更名为吉林体育学院（1961年11月至1962年8月）\n五、吉林体育学院划分成立吉林省体育学校和吉林师范大学体育系（1962年8月至1965年3月）\n  在此期间，章祖愈同志翻译的《青少年也可练习三级跳远》（1964年）、《提高短跑速度与改进技术》（1964年）、《民主德国新的体育劳卫制》（1965年）等著作和论文为体育学科发展提供了理论基础。\n六、停止招生，建设红旗村农场（1965年3月至1970年4月）\n七、恢复招生，招收试办班专科生及工农兵大学生（1970年4月至1976年）\n八、学校重新划归教育部，招收四年制本科生（1977年至1980年7月）\n1978年2月，经国务院批准，学校重新划归教育部，重返国家队行列。体育系按照中央工作部署和把吉林师范大学办成高等学校师范教育基地的指示要求，于1977年开始招收四年制本科学生，1978年初77级共有学生132人入学，马维清担任辅导员；同年9月，78级共有146人入学，王正欧担任辅导员。\n九、恢复东北师范大学体育系。（1980年8月至1994年8月）\n十、1994年东北师范大学体育系撤系建院。（1994年9月至今）\n  1994年东北师范大学体育系撤系建院。学院本科专业分为体育教育专业、运动训练专业，2001年开始招收民族传统学专业本科学生。在60多年的历史发展进程中，东北师范大学体育学院走出了一条以运动技术规范与教学技能扎实人才特色培养之路，被誉为人民体育教师的摇篮。。2001年东北师范大学男子篮球队获得第三届CUBA中国大学生篮球联赛总冠军。2007年4月东北师范大学男子篮球队获得第三届CUBS中国大学生男子篮球超级联赛总冠军。2013年4月东北师范大学男子篮球队获得第九届CUBS中国大学生男子篮球超级联赛总冠军。2013年东北师范大学男子篮球队代表中国大学生参加俄罗斯喀山世界大学生运动会。武术队多次在全国大学生武术锦标赛中获得金牌，田径队获得第七届全国大学生田径锦标赛团体总分第一名。我院2009级学生刘忠庆和郭心心在温哥华冬奥会分别获得男女空中技巧铜牌。"},{"tag":"p","head":"师资力量","text":"学院现有体育教育训练学,体育人文社会学,运动人体科学三方面的专任教师教授18人，并且在田径，篮球，乒羽网球体操，冰雪教研室，武术与民族传统体育，体育人文社会学教研室，课程与教学论教研室等多位副教授专任教师。"},{"tag":"p","head":"学科建设","text":"重点学科：体育学一级学科被评为吉林省十二五高等学校优势特色重点学科。体育教育专业被评为吉林省高等学校十二五特色专业。\n1.学科建设历史悠久、学科发展理念先进、学科培养目标明确我院体育学科已有64年的发展历史，1984年起开始招收培养硕士研究生，1992年，被评为吉林省重点发展学科。2003年获得体育教育训练学博士学位授予权，目前具有体育教育训练学、体育人文社会学、运动人体科学、民族传统体育学4个硕士授权点。学院始终坚持“立足为基础教育服务”的学科发展理念，坚持“教育教学基本功扎实、运动基本技术技能精湛、科研学术作风严谨”的学科培养目标。培养了近万名本、专科学生和1000多名硕士研究生，以及一批高水平的科研专家、学者，国家优秀运动员、教练员、体育管理人才，被誉为优秀体育教师的摇篮。\n2.探索体育教育规律、体育与身心发展的基本规律，在学校体育和体育基础教育的发展战略研究特色鲜明，建立了东北地区体育教育改革实验网络，实践功能突出。\n3.我国群众体育、竞技体育、学校体育均衡、协调、可持续发展战略研究方向特色鲜明。\n4.长期依托教育部及国家体育总局，冰雪运动高层次、高水平专业人员培养与训练理论与方法研究领域居世界前沿。"},{"tag":"p","head":"人才培养","text":"1.多年来，该学科注重人才培养、引进和交流，聘请了多位国务院体育学科评议组成员为我院兼职教授和特聘教授，形成了稳固、高效的学术团队。\n2.与日本、俄罗斯、韩国等国家的多所相同研究领域的著名大学建立合作与交流关系，形成了良好的国际学术交流和信息共享平台。\n3.同国家体育总局、各省市体育局合作，在国内首先构建了以世界一流冰雪运动项目为研究对象的高起点的、稳定的、前沿研究领域。\n4.依托国家教育部学生体育联合会和研究型综合师范大学的有利资源，构建了我国学校体育、学校竞技体育发展研究的良好平台。"},{"tag":"p","head":"联系方式","text":"吉林省长春市人民大街5268号\n邮政编码:  130024\n网管信箱：pe@nenu.edu.cn\nTel:0431-85099598"},{"tag":"phone","fName":"体育学院","num":"0431-85099598","org":"东北师范大学","street":"吉林省长春市人民大街5268号","hostNum":"0431-85099598","postcode":"130024","email":"pe@nenu.edu.cn"},{"tag":"foot","desc":"来源：东北师范大学官网"}]