[{"tag":"head","title":"三舍C","display":false},{"tag":"swiper","url":["http://mmbiz.qpic.cn/mmbiz_jpg/s67UCDghNJnR2NoeHjKVGyKXDL691KfSYeiajclcSYDeX3F0ekYpm2OBNAGdqvJADXStjibuCsibQIm4QHx8GyJcw/640?wx_fmt=jpeg&tp=webp&wxfrom=5&wx_lazy=1"]},{"tag":"h3","text":"三舍C"},{"tag":"p","text":"住女生，共21层，东师建筑高度的巅峰。入住地理、生科、数学、环境、教育、历史学院、马克思主义学部、心理学院学生。有电梯4台。一楼有自助终端机；开门时间为5:30-22:30；供电时间：早5:30-8:30，中12:30-13:30，晚15:30-23:30（周一至周五）5:30-23:00（周六至周日）"},{"tag":"foot"}]