[{"tag":"head","title":"校园网","grey":true,"shareable":true,"contact":true},{"tag":"p","head":" ","text":"   当同学们在校内时，可以使用校园网来进行上网。目前东北师范大学与联通公司合作为大家提供互联网访问服务，在日常使用时，可能会偶尔出现网速波动、延迟上升、网络不稳的情况。"},{"tag":"p","head":" ","text":"   在登录学校内网时，基本使用邮箱及密码即可。但是在电子阅览室登录的话就不是使用邮箱账号密码，而是用学号和初始密码登录，初始密码可以自己修改。\n   另外，使用校园网上网有一些福利，例如免费下载知网论文。"},{"tag":"list","head":"了解更多","content":[{"text":"有线上网","icon":"/module/icon/ethernet.svg","aim":"network1"},{"text":"无线上网","icon":"/module/icon/wifi.svg","aim":"network2"},{"text":"统一身份认证","icon":"/module/icon/about.svg","aim":"network3"}]},{"tag":"foot","author":"Mr.Hope","time":"2019/2/10"}]