[{"tag":"head","title":"北苑二楼","shareable":true,"contact":true},{"tag":"h3","text":"二楼南侧"},{"tag":"p","head":"下面需要店铺以及相应的简介","text":"二楼的店铺有营养快餐、东北小炒、韩国明洞料理、四川风味、五谷鱼粉、麦多馅饼、麻辣香锅、烤肉木桶饭、北京风味、正大炸鸡汉堡、尚品双拼饭、哞小姐。选择较多，味道不错，但是一般排队的人也比较多，价位比基本餐高，"},{"tag":"p","head":false,"text":"价位：￥7-16。"},{"tag":"img","src":"https://pic.kuaizhan.com/g2/M00/80/E0/wKjmqll8Mw-ALbo4AADcasb_GQA2845303/imageView/v1/thumbnail/640x480"},{"tag":"img","src":"https://pic.kuaizhan.com/g2/M01/7F/23/CgpQVFl8Mw-Ab9j5AAIg5tpBkSE3199388/imageView/v1/thumbnail/640x480"},{"tag":"h3","text":"清真食堂"},{"tag":"h3","text":"在这里加上菜谱"},{"tag":"img","src":"https://pic.kuaizhan.com/g2/M00/7F/24/CgpQVFl8M4aALbEaAAC8QA82Hqc2210411/imageView/v1/thumbnail/640x480"},{"tag":"img","src":"https://pic.kuaizhan.com/g2/M01/80/E0/wKjmqll8M4aAIqj0AADEIMG7lqg3100178/imageView/v1/thumbnail/640x480"},{"tag":"p","head":false,"text":"价位：一荤两素大概平均价位在7、8元左右，两荤一素在9、10元左右。"},{"tag":"p","text":"注意：不能带非清真类食品、非清真食堂的筷子餐盘等入内。"},{"tag":"foot","author":"Mr.Hope","time":"2019/2/10"}]