[{"tag":"head","title":"北苑餐厅","grey":true,"shareable":true,"contact":true},{"tag":"p","src":"https://pic.kuaizhan.com/g2/M00/7F/1F/CgpQVFl8LnKAdPG8AABlG0iPvGo9169624/imageView/v1/thumbnail/640x0"},{"tag":"list","head":"一楼","content":[{"text":"北苑餐厅一楼整体区域分为两个部分。位于北侧的区域为基本餐区，每天分时间段供应三餐, 相对于其他档口，基本餐价格比较亲民。一楼南侧为其他档口，以特色餐和各式快餐为主。几乎所有档口不分时段供应对应饮食，价格比外面餐馆略低。"},{"text":"了解更多","aim":"dining7"}]},{"tag":"list","head":"二楼","content":[{"text":"此处是二楼介绍"},{"text":"了解更多","aim":"dining8"}]},{"tag":"foot","author":"Mr.Hope","time":"2019/2/10"}]