[{"tag":"head","title":"一食堂","shareable":true,"contact":true},{"tag":"h3","text":"一楼"},{"tag":"p","head":"南侧：","text":"烤肉木桶饭、吉品川味排骨饭、刀削面、安徽风味鸡蛋灌饼、杭州小笼包、中韩简餐、粗粮细做、麻辣烫。"},{"tag":"p","head":"北侧：","text":"麻婆面、麦多馅饼、过桥米线、脆皮鸡排饭、好享扒饭、山西饼、营养粥、鸡柳卷饼、东师饺子王、重庆鸡公煲。"},{"tag":"p","head":"价位与供应时间：","text":"价格7-16元左右。开放时间大致为7:00-20:00(每个档口开关时间不定，视具体情况而定) 。"},{"tag":"img","src":"https://pic.kuaizhan.com/g2/M01/81/03/wKjmqll8UW2AbtrwABOfGWDJyPo4816847/imageView/v1/thumbnail/640x0"},{"tag":"img","src":"https://pic.kuaizhan.com/g1/M00/6C/CA/CgpQU1l8UdOAO3QgAAI-e1-EYxk0947389/imageView/v1/thumbnail/640x0"},{"tag":"img","src":"https://pic.kuaizhan.com/g1/M00/6C/CA/CgpQU1l8UcuADU1nAAHnx5DPJ3g8547223/imageView/v1/thumbnail/640x0"},{"tag":"img","src":"https://pic.kuaizhan.com/g1/M01/6C/C9/CgpQU1l8UbqAITL_AAFPAcP8i4E0094340/imageView/v1/thumbnail/640x0","desc":"面包房"},{"tag":"h3","text":"二楼"},{"tag":"p","head":false,"text":"二楼进门前侧有干锅煎肉饭、基本餐和虾滑，右侧进去还有麻辣香锅，再往左转是普通餐。"},{"tag":"p","head":"基本餐供应时间：","text":"早：6:30-8:30；\n午：11:00-12:30;\n晚：16:30-18:00。"},{"tag":"img","src":"https://pic.kuaizhan.com/g2/M01/81/03/wKjmqll8UXiAWYpaABayDaTyDds2256453/imageView/v1/thumbnail/640x0"},{"tag":"h3","text":"三楼"},{"tag":"p","head":false,"text":"三楼共分为两个部分，一个是前面大厅的餐厅，一个是后面的清真餐厅。"},{"tag":"p","head":"大厅","text":"大厅的早饭和午饭都为自助餐，种类丰富，价格亲民。供应时间：早6:30-10:00；午11：00-12：30；晚饭可点餐，并承接大小型聚餐和活动。"},{"tag":"img","src":"https://pic.kuaizhan.com/g2/M00/81/03/wKjmqll8UYGAEr6VABSSiNhhLok3681930/imageView/v1/thumbnail/640x0"},{"tag":"img","src":"https://pic.kuaizhan.com/g2/M01/7F/47/CgpQVFl8UYeAG_X-AA5mzI0TAL47744116/imageView/v1/thumbnail/640x0","desc":"大厅"},{"tag":"p","head":"清真餐厅：","text":"从三楼餐厅侧面进去，也可以从清真餐厅大门上楼。供应时间：7:00-20:00。"},{"tag":"img","src":"https://pic.kuaizhan.com/g2/M00/81/03/wKjmqll8UYyAJlNdABLz9TsU-UA9539984/imageView/v1/thumbnail/640x0","desc":"清真餐厅"},{"tag":"foot","author":"Mr.Hope","time":"2019/2/10"}]