[{"tag":"head","title":"本部美食节","shareable":true,"contact":true},{"tag":"h3","text":"加点介绍"},{"tag":"h3","text":"北苑"},{"tag":"img","src":"https://pic.kuaizhan.com/g2/M00/80/E6/wKjmqll8OtuADVjkAAC7lBekiqw4286751/imageView/v1/thumbnail/640x480"},{"tag":"img","src":"https://pic.kuaizhan.com/g2/M00/7F/2A/CgpQVFl8OtqAZyT_AACXZMqkEDs3360157/imageView/v1/thumbnail/640x480"},{"tag":"img","src":"https://pic.kuaizhan.com/g2/M00/80/E6/wKjmqll8OtqAEuAeAACzw4NsAbg1820590/imageView/v1/thumbnail/640x0"},{"tag":"img","src":"https://pic.kuaizhan.com/g2/M00/7F/2A/CgpQVFl8OtmAX5tyAAEmSG-7lyY0501183/imageView/v1/thumbnail/640x0"},{"tag":"img","src":"https://pic.kuaizhan.com/g2/M01/80/E6/wKjmqll8OtyALNYwAAEP8jZOfxU6138187/imageView/v1/thumbnail/640x0"},{"tag":"img","src":"https://pic.kuaizhan.com/g2/M01/80/E6/wKjmqll8OtyALNYwAAEP8jZOfxU6138187/imageView/v1/thumbnail/640x0"},{"tag":"img","src":"https://pic.kuaizhan.com/g2/M01/80/E6/wKjmqll8OtyALNYwAAEP8jZOfxU6138187/imageView/v1/thumbnail/640x0"},{"tag":"img","src":"https://pic.kuaizhan.com/g2/M01/80/E6/wKjmqll8OtyALNYwAAEP8jZOfxU6138187/imageView/v1/thumbnail/640x0"},{"tag":"img","src":"https://pic.kuaizhan.com/g2/M01/80/E6/wKjmqll8OtyALNYwAAEP8jZOfxU6138187/imageView/v1/thumbnail/640x0"},{"tag":"img","src":"https://pic.kuaizhan.com/g2/M01/80/E6/wKjmqll8OtyALNYwAAEP8jZOfxU6138187/imageView/v1/thumbnail/640x0"},{"tag":"img","src":"https://pic.kuaizhan.com/g2/M01/80/E6/wKjmqll8OtyALNYwAAEP8jZOfxU6138187/imageView/v1/thumbnail/640x0"},{"tag":"h3","text":"南苑"},{"tag":"img","src":"https://pic.kuaizhan.com/g1/M00/8F/EB/wKjmqVl8O5OAZFzXAADbiBG_3TI3482738/imageView/v1/thumbnail/640x0"},{"tag":"img","src":"https://pic.kuaizhan.com/g1/M01/6C/AC/CgpQU1l8O5OAHtT9AAEWob41bbI8272268/imageView/v1/thumbnail/640x0"},{"tag":"img","src":"https://pic.kuaizhan.com/g1/M00/6C/AC/CgpQU1l8O5KAKCJ7AAEZan02lGQ2356207/imageView/v1/thumbnail/640x0"},{"tag":"img","src":"https://pic.kuaizhan.com/g1/M01/8F/EB/wKjmqVl8O5GAPsZ-AAD0kjTShqw5004038/imageView/v1/thumbnail/640x0"},{"tag":"foot","author":"Mr.Hope","time":"2019/2/10"}]