[{"tag":"head","title":"净月美食节","shareable":true,"contact":true},{"tag":"img","src":"https://pic.kuaizhan.com/g2/M00/80/FC/wKjmqll8S-uAc3_FAADkO8quTr06176119/imageView/v1/thumbnail/640x0"},{"tag":"img","src":"https://pic.kuaizhan.com/g2/M01/80/FC/wKjmqll8TAeAJSd_AACUpE4nxHc7211506/imageView/v1/thumbnail/640x0"},{"tag":"img","src":"https://pic.kuaizhan.com/g2/M00/80/FC/wKjmqll8TAqAN1CDAAGCsn0h8F48867427/imageView/v1/thumbnail/640x0"},{"tag":"img","src":"https://pic.kuaizhan.com/g2/M00/7F/40/CgpQVFl8TAyAMlO2AADkUEmv9nA3724359/imageView/v1/thumbnail/640x0"},{"tag":"foot","author":"Mr.Hope","time":"2019/2/10"}]