[{"tag":"head","title":"英语课程说明","shareable":true,"contact":true},{"tag":"p","text":"\n   本科生在读期间，需根据教学要求修满10学分的英语课程，并通过“东北师范大学英语水平测试”(DET)(普通类、术科类)。10学分课程中，8学分为大学英语必修课程(即语言基础课程)，每学期各修4分，成绩合格才能拿到学分哦，2学分为英语选修课程。"},{"tag":"h3","text":" 课程设置"},{"tag":"p","text":"   大学英语课程分为大学英语语言基础课程、语言能力提高课程、通用学术英语课程、跨语言文化交际课程和第二外语课程五大模块(见下表)。其中，语言基础课程模块为必修课程，其余模块为选修课程。大学英语语言基础课程(4学时/ 周)配每周1学时的数字化平台上机学习课程。必修课成绩设通过(P)和不通过(NP)两种，通过后获得相应学分。"},{"tag":"img","src":"https://pic.kuaizhan.com/g1/M01/92/E3/wKjmqVl-qt-ABEh6AABm2zpVn3o6694815/imageView/v1/thumbnail/640x0"},{"tag":"h3","text":"考试以及成绩计算"},{"tag":"p","text":"   东北师范大学大学英语课程成绩由“东北师范大学英语水平测试”(DET)成绩和过程性评价成绩两部分组成。"},{"tag":"p","head":"“大学英语水平测试”(DET)(占期末总成绩50％)","text":"   凡根据教学要求应修读大学英语10学分的A班和B班学生，每学期均需参加“东北师范大学大学英语水平测试(DET)(普通类)”，Ｃ班和D班学生需参加“东北师范大学大学英语水平测试(DET)(术科类)”。同时，通过以上英语水平测试(大于等于60分)是学生获得东北师范大学学位证书的必要条件。学生在学期间可免费参加“大学英语水平测试”(DET)两次，从参加第三次考试开始收费，每次收费100元。"},{"tag":"p","head":"过程性评价(占期末总成绩50％)","text":"   在大学英语语言基础课程学习过程中，过程性评价包括平时成绩(30％，其中包括：在线听力自主学习10%、统一命题测试1次10%、出席及课堂表现10%)、上机学习(10％)和口语测试(10％)三个部分。其中，每个学生每周都设有一小时的上机自主学习时间(即在线听力自主学习与上机学习)，所有学生应到综合楼机房内完成自主学习内容。"},{"tag":"h3","text":" 关于英语免修"},{"tag":"p","text":" 1. 满足下列条件之一的全日制本科生可免修8学分的大学英语语言基础课程，课程成绩按折算成百分数后×1.2计算：\n (1)托福成绩90分以上，且单项分数不低于21分。\n (2)雅思成绩6.5分以上，且单项分数不低于6分。"},{"tag":"p","text":" 2．满足下列条件之一的全日制本科生可免修4学分的大学英语语言基础课程，课程成绩按折算成百分数后×1.2计算：\n (1)托福成绩80分以上，且单项成绩不低于19.5分。\n (2)雅思成绩6.0分以上，且单项分数不低于5.5分。"},{"tag":"p","text":" 3. 满足下列条件之一的全日制本科生可免修4学分的大学英语语言基础课程，课程成绩按折算成百分数后×1.1计算。\n (1)大学英语四级成绩533分以上，且单项分数不低于70％。\n (2)大学英语六级成绩425分以上，且单项分数不低于60％。"},{"tag":"p","text":" 4. “东北师范大学英语水平测试”80分以上的2015级以及之后的全日制本科生可免修剩余大学英语语言基础课程，课程成绩按折算成百分数后×1.1计算。"},{"tag":"foot","author":"Mr.Hope","time":"2018/08/21"}]