[{"tag":"head","title":"课程计划","shareable":true,"contact":true},{"tag":"h3","text":"教育学部"},{"tag":"doc","docName":"教育学部本科课程计划.pdf","url":"https://mrhope.top/mpFile/education.pdf"},{"tag":"h3","text":"政法学院"},{"tag":"doc","docName":"政法学院本科课程计划.pdf","url":"https://mrhope.top/mpFile/law.pdf"},{"tag":"h3","text":"经济学院"},{"tag":"doc","docName":"经济学院本科课程计划.pdf","url":"https://mrhope.top/mpFile/economy.pdf"},{"tag":"h3","text":"商学院"},{"tag":"doc","docName":"商学院本科课程计划.pdf","url":"https://mrhope.top/mpFile/business.pdf"},{"tag":"h3","text":"文学院"},{"tag":"doc","docName":"文学院本科课程计划.pdf","url":"https://mrhope.top/mpFile/literature.pdf"},{"tag":"h3","text":"历史文化学院"},{"tag":"doc","docName":"历史文化学院本科课程计划.pdf","url":"https://mrhope.top/mpFile/history.pdf"},{"tag":"h3","text":"外国语学院"},{"tag":"doc","docName":"外国语学院本科课程计划.pdf","url":"https://mrhope.top/mpFile/foreign.pdf"},{"tag":"h3","text":"音乐学院"},{"tag":"doc","docName":"音乐学院本科课程计划.pdf","url":"https://mrhope.top/mpFile/music.pdf"},{"tag":"h3","text":"美术学院"},{"tag":"doc","docName":"美术学院本科课程计划.pdf","url":"https://mrhope.top/mpFile/art.pdf"},{"tag":"h3","text":"数学与统计学院"},{"tag":"doc","docName":"数学与统计学院本科课程计划.pdf","url":"https://mrhope.top/mpFile/math.pdf"},{"tag":"h3","text":"计算机科学与信息技术学院"},{"tag":"doc","docName":"计算机科学与信息技术学院本科课程计划.pdf","url":"https://mrhope.top/mpFile/computer.pdf"},{"tag":"h3","text":"信息与软件工程学院"},{"tag":"doc","docName":"信息与软件工程学院本科课程计划.pdf","url":"https://mrhope.top/mpFile/information.pdf"},{"tag":"h3","text":"物理学院"},{"tag":"doc","docName":"物理学院本科课程计划.pdf","url":"https://mrhope.top/mpFile/physical.pdf"},{"tag":"h3","text":"化学学院"},{"tag":"doc","docName":"化学学院本科课程计划.pdf","url":"https://mrhope.top/mpFile/chemistry.pdf"},{"tag":"h3","text":"生命科学学院"},{"tag":"doc","docName":"生命科学学院本科课程计划.pdf","url":"https://mrhope.top/mpFile/biology.pdf"},{"tag":"h3","text":"地理科学学院"},{"tag":"doc","docName":"地理科学学院本科课程计划.pdf","url":"https://mrhope.top/mpFile/geography.pdf"},{"tag":"h3","text":"环境学院"},{"tag":"doc","docName":"环境学院本科课程计划.pdf","url":"https://mrhope.top/mpFile/environment.pdf"},{"tag":"h3","text":"体育学院"},{"tag":"doc","docName":"体育学院本科课程计划.pdf","url":"https://mrhope.top/mpFile/PE.pdf"},{"tag":"h3","text":"传媒科学学院"},{"tag":"doc","docName":"传媒科学学院本科课程计划.pdf","url":"https://mrhope.top/mpFile/media.pdf"},{"tag":"h3","text":"马克思主义学部"},{"tag":"doc","docName":"马克思主义学部本科课程计划.pdf","url":"https://mrhope.top/mpFile/Marx.pdf"},{"tag":"h3","text":"国际汉学院（海外教育学院）"},{"tag":"doc","docName":"国际汉学院（海外教育学院）本科课程计划.pdf","url":"https://mrhope.top/mpFile/international.pdf"},{"tag":"h3","text":"纽瓦克学院"},{"tag":"doc","docName":" 东北师范大学罗格斯大学纽瓦克学院本科课程计划.pdf","url":"https://mrhope.top/mpFile/Newark.pdf"},{"tag":"foot","desc":"学院顺序来自东北师范大学教务处","author":"王一竹"}]