[{"tag":"head","title":"体测时间","shareable":true,"contact":true},{"tag":"p","text":"\n   每人每年秋季学期都要进行一次体质测试，体质测试不达标(大一大二60分，之后只要求50分)的，不能取得评优、评奖及毕业资格。"},{"tag":"p","head":"大一、大二、大三学生","text":"   大一、大二、大三的学生每年秋季学期(一般安排在9月份)参加测试。秋季测试不合格的，可在每年的春季学期(一般安排在4月末5月初)再测试一次。"},{"tag":"p","head":"大四学年","text":"   大四学年的测试安排在大三学年的春季学期(一般安排在4月末5月初)进行，测试不合格的，可在大四学年的春季学期(一般安排在4月末5月初)再测试一次。"},{"tag":"h3","text":"相关要求"},{"tag":"p","text":"   穿运动服、运动鞋，带学生证、一卡通或身份证；申请免予执行《标准》的学生的诊断结果须存入学生个人体检档案, 体育课只能选修体育保健班的课程。"},{"tag":"foot","author":"Mr.Hope","time":"2018/08/21"}]