[{"tag":"head","title":"计算机二级","shareable":true,"contact":true},{"tag":"p","text":"\n   报考条件：基本无条件限制。"},{"tag":"p","head":"考试内容：","text":"   无纸化考试。二级C，二级VB，二级VFP，二级JAVA，二级ACCESS，二级C++，二级OFFICE。"},{"tag":"p","head":"操作技能：","text":"   计算机二级考试包含语言程序设计，包括C、C++、Java、Visual Basic、WEB程序设计；数据库程序设计（包括VisualFoxPro、Access、MySql）；MS office高级应用包括Word、EXCEL、PPT办公软件高级应用。"},{"tag":"p","head":"考试时间：","text":"   从2014年开始，全国计算机等级考试二级每年考三次。第一次在每年3月21日至3月24日；第二次在每年9月19日至23日；第三次在每年12月13日至16日；其中，12月那次为首次试点考试，只开考一二级，各考点根据实际报名人数决定是否开考。二级考试时间为120分钟。"},{"tag":"p","head":"推荐理由：","text":"   对国企、公务员和部分私企有用，在工作中计算机技术的基本运用是十分必要的，建议报考。"},{"tag":"p","head":"系统环境：","text":"   Windows 7、Visual C++6.0、Visual Basic 6.0、Visual FoxPro6.0、Access2010、NetBeans、My SQL（Community 5.5.16）；Visual Studio 2010（C#）、MS Office2010。"},{"tag":"p","text":"P.S.:理科的同学如果进行过C语言的学习，可以尝试考C语言的二级。通过二级Msoffice的同学不能进行计算机三级的考试。"},{"tag":"foot"}]