[{"tag":"head","title":"测试项目及权重","shareable":true,"contact":true},{"tag":"p","text":"\n   体测成绩+标准分(100分)+附加分(20分)，满分为120分。标准分由各单项指标得分与权重乘积之和组成，满分为100分。附加分根据实测成绩确定，即对成绩超过100分的加分指标进行加分，满分为20分；加分指标为男生引体向上和1000米跑，女生1分钟仰卧起坐和800米跑，各指标加分幅度均为10分。注：体重指数(BMI)=体重(千克)/身高的平方(平方米)。具体如下：\n","src":"https://pic.kuaizhan.com/g2/M00/82/D2/wKjmqll-AJ-AQjIiAABs3svCDqo6922899/imageView/v1/thumbnail/640x0"},{"tag":"foot","author":"Mr.Hope","time":"2018/08/21"}]