[
    [{ "tag": "head", "title": "Hope Studio简介", "shareable": true, "contact": true }, { "tag": "h3", "text": "Hope Studio简介" }, { "tag": "p", "text": "   Hope Studio又称希望工作室，成立于2017年，是一家年轻、朝气、有活力有思想的工作室。工作室目前面向大众接受各类开发项目。" }, { "tag": "p", "head": "人员组成", "text": " 工作室人数：1\n 工作室室长：Mr.Hope\n 工作室成员：Mr.Hope" }, { "tag": "p", "head": "工作室主要项目", "text": "   Hope Studio从2016年以来就一直致力于服务东师学子，承包了“东师青年”微信公众号后台的所有功能维护与开发。主要内容有东师青年后台自动回复的设置，表白墙的维护，圈子集市的审核与管理等。" }, { "tag": "p", "head": "工作室地址", "text": "吉林省长春市南关区人民大街5268号东北师范大学北苑餐厅3FB12" }, { "tag": "foot" }],
    [{ "tag": "head", "title": "Mr.Hope个人简介", "shareable": true, "contact": true }, { "tag": "h3", "text": "Mr.Hope个人简历" }, { "tag": "p", "text": "   Mr.Hope，男，1998年生于辽宁省，现为东北师范大学16级本科生，专业为物理学。" }, { "tag": "p", "text": "   在大学入学后，Mr.Hope一直利用闲暇时间自学前端开发，服务器搭建、维护等相关知识，并致力于服务东师学子。Mr.Hope同时参与了大量的学生工作，包括在年级、院团委、校学生会、厚普公益学校等服务他人。" }, { "tag": "p", "head": "★所获荣誉★", "text": " 第十一届 DI 创新思维中国区总决赛一等奖\n 2016 年 DI 创新思维吉林省总决赛即时挑战第一名\n 2016 年 DI 创新思维吉林省总决赛一等奖" }, { "tag": "p", "head": "★主要学生干部经历★", "text": " 2016年10月至2017年9月——任物理学院16级4班班长\n 2016年9月至2017年3月——任物理学院团委宣传部干事\n 2016年9月至2018年6月——任厚普公益学校高中化学组教师\n 2016年12月至2017年12月——就职校学生会新媒体中心产品部\n 2017年3月至2018年3月——任物理学院团委网络工作室部员\n 2017年9月-2018年7月——任物理学院2016级技术顾问\n 2017年12月至今——任校新媒体中心功能部部长\n 2018年3月至今——任物理学院团委技术顾问" }, { "tag": "foot", "author": "Mr.Hope", "time": "2018/08/13" }],
    [{ "tag": "head", "title": "功能太少", "shareable": true, "contact": true }, { "tag": "h3", "text": "为什么小程序功能这么少" }, { "tag": "p", "text": "   Mr.Hope希望服务于东师学子，故Mr.Hope自2017年以来，利用自己的业余时间。不断开发小程序。但由于Mr.Hope专业是物理学，在小程序开发的过程中Mr.Hope需要学习大量的相关知识，所以从开发至小程序发的半年间，仅添加了部分功能。Mr.Hope会在接下来的时间里，努力完善小程序的。" }, { "tag": "p", "text": "   此外，由于小程序主体是Mr.Hope个人，很多开发完成的功能在审核途中被阉割掉了。Mr.Hope正在努力与腾讯协商已开发功能的上架问题同时正在筹备更换企业主体。请大家耐心等待。" }, { "tag": "img", "src": "https://mrhope.top/mpImage/MrHope/MrHope.jpg", "desc": "审核消息记录及未通过审核的部分功能" }, { "tag": "foot", "author": "Mr.Hope" }]
]