[
    [{ "src": "https://res.wx.qq.com/voice/getvoice?mediaid=MzA5MTQ4NjUzMl80MDI2NzgyODI=", "cover": "https://mrhope.top/mpImage/nenuyouth.png", "title": "东师姑娘", "singer": "新媒体中心填词歌曲" }, { "src": "https://res.wx.qq.com/voice/getvoice?mediaid=MzUxMTg5NzIxOF8yMjQ3NDgzNzQ2", "cover": "https://mrhope.top/mpImage/logo.png", "title": "远方有你", "singer": "词：石彦伟  曲：王铁卫" }, { "src": "https://res.wx.qq.com/voice/getvoice?mediaid=MzA5MTQ4NjUzMl81MDQzODM1MjQ=", "cover": "https://mrhope.top/mpImage/nenuyouth.png", "title": "一生有你", "singer": "东师青年520女生节礼物" }, { "src": "https://res.wx.qq.com/voice/getvoice?mediaid=MzA5MTQ4NjUzMl81MDQzODEwODg=", "cover": "https://mrhope.top/mpImage/nenuyouth.png", "title": "微微一笑很东师", "singer": "新媒体中心填词歌曲" }, { "src": "https://res.wx.qq.com/voice/getvoice?mediaid=MzA5MTQ4NjUzMl8yNjUxODczNTMx", "cover": "https://mrhope.top/mpImage/nenuyouth.png", "title": "等你下课", "singer": "新媒体中心填词歌曲" }, { "src": "https://res.wx.qq.com/voice/getvoice?mediaid=MzUxMTg5NzIxOF8yMjQ3NDgzNzU0", "cover": "https://mrhope.top/mpImage/nenuyouth.png", "title": "师大师大", "singer": "新媒体中心填词歌曲" }, { "src": "https://res.wx.qq.com/voice/getvoice?mediaid=MzUxMTg5NzIxOF8yMjQ3NDgzNzU1", "cover": "https://mrhope.top/mpImage/nenuyouth.png", "title": "好想你", "singer": "新媒体中心填词歌曲" }, { "src": "https://res.wx.qq.com/voice/getvoice?mediaid=MzA5MTQ4NjUzMl8yNjUxODc2MDU4", "cover": "https://mrhope.top/mpImage/nenuyouth.png", "title": "那些花儿东师版", "singer": "新媒体中心填词歌曲" }, { "src": "https://res.wx.qq.com/voice/getvoice?mediaid=MzIxOTk0MTkzMF8yMjQ3NDgzODAw", "cover": "https://mrhope.top/mpImage/jingpeng.png", "title": "成都", "singer": "词改编：荆鹏  演唱：翟欣奕" }, { "src": "https://res.wx.qq.com/voice/getvoice?mediaid=MzA5MTQ4NjUzMl8yNjUxODc1MzI3", "cover": "https://mrhope.top/mpImage/logo.png", "title": "师德公约", "singer": "东北师范大学宣" }],
    [{ "name": "遇见东师", "author": "传媒科学学院", "src": "http://www.nenu.edu.cn/_upload/article/videos/86/ef/5c54a73e4aabbfa9908d70d407f9/6b17fee5-f6c5-471d-a984-b86059d65327_B.mp4" }, { "name": "远方有你 不说再见", "author": "东北师范大学党委学生工作部", "src": "http://www.nenu.edu.cn/_upload/article/videos/ff/9a/daa2444c4b169d11c30408b8415f/088f791a-fbaa-4af4-a092-4734c584d3ae_B.mp4" }, { "name": "New Experience New Us", "author": "东北师范大学党委宣传部", "src": "http://www.nenu.edu.cn/_upload/article/videos/32/b8/e76e9c994b4cbbbd39e8a15e5b3a/a20a8299-b782-4b10-9543-e816c6e2e336.mp4" }, { "name": "东师版“好想你”MV", "author": "东师新媒体中心制作", "vid": "q0505z2m913" }, { "name": "东师陪你走过漫长岁月", "author": "东师新媒体中心制作", "vid": "l0341d3d7iw" }, { "name": "东师日常", "author": "东师新媒体中心制作", "vid": "g03406pe57d" }, { "name": "女生节活动现场摄影", "author": "东师新媒体中心制作", "vid": "w0381pbn246" }, { "name": "远方有你，不说再见灯光秀", "author": "东师新媒体中心制作", "vid": "m0515b5zg6o" }, { "name": "我在东师挺好的", "author": "东师新媒体中心制作", "vid": "e0527tjofyy" }, { "name": "师德公约", "author": "东北师范大学党委学生工作部", "src": "http://www.nenu.edu.cn/_upload/article/videos/0c/1d/2708df2a430cb95d383b6a5a2a3c/c264ecf0-67ff-4342-85f3-eb90bb6e82db_B.mp4" }, { "name": "东北师范大学校歌", "author": "作词：公木  作曲：吕远", "src": "http://www.nenu.edu.cn/_upload/article/videos/2c/dd/21695d4f46f0842e759a0a6ed3f0/7f22016c-0da0-4ef0-9749-50d87bd00b6f.mp4" }, { "name": "纪念郑德荣", "author": "东北师范大学党委宣传部", "src": "http://www.nenu.edu.cn/_upload/article/videos/65/1c/95a61dfa4c78b1845cda528c021d/55c6d9f1-5ad1-48e1-b61e-05a92420eca4_B.mp4" }, { "name": "成仿吾1", "author": "东北师范大学党委宣传部", "src": "http://www.nenu.edu.cn/_upload/article/videos/eb/90/de8f1846463ba2a203fbdcd25cc6/89da0620-5953-4d57-b332-a24cc2ae8073.mp4" }, { "name": "成仿吾2", "author": "东北师范大学党委宣传部", "src": "http://www.nenu.edu.cn/_upload/article/videos/61/d6/9b1561304809a197038aeb6e9e55/f5207709-d950-4876-a566-7bcb1416c125_B.mp4" }]
]