[{ "src": "https://res.wx.qq.com/voice/getvoice?mediaid=MzA5MTQ4NjUzMl80MDI2NzgyODI=", "cover": "https://mrhope.top/mpImage/nenuyouth.png", "title": "东师姑娘", "singer": "新媒体中心填词歌曲" }, { "src": "https://res.wx.qq.com/voice/getvoice?mediaid=MzUxMTg5NzIxOF8yMjQ3NDgzNzQ2", "cover": "https://mrhope.top/mpImage/logo.png", "title": "远方有你", "singer": "词：石彦伟  曲：王铁卫" }, { "src": "https://res.wx.qq.com/voice/getvoice?mediaid=MzA5MTQ4NjUzMl81MDQzODM1MjQ=", "cover": "https://mrhope.top/mpImage/nenuyouth.png", "title": "一生有你", "singer": "东师青年520女生节礼物" }, { "src": "https://res.wx.qq.com/voice/getvoice?mediaid=MzA5MTQ4NjUzMl81MDQzODEwODg=", "cover": "https://mrhope.top/mpImage/nenuyouth.png", "title": "微微一笑很东师", "singer": "新媒体中心填词歌曲" }, { "src": "https://res.wx.qq.com/voice/getvoice?mediaid=MzA5MTQ4NjUzMl8yNjUxODczNTMx", "cover": "https://mrhope.top/mpImage/nenuyouth.png", "title": "等你下课", "singer": "新媒体中心填词歌曲" }, { "src": "https://res.wx.qq.com/voice/getvoice?mediaid=MzUxMTg5NzIxOF8yMjQ3NDgzNzU0", "cover": "https://mrhope.top/mpImage/nenuyouth.png", "title": "师大师大", "singer": "新媒体中心填词歌曲" }, { "src": "https://res.wx.qq.com/voice/getvoice?mediaid=MzUxMTg5NzIxOF8yMjQ3NDgzNzU1", "cover": "https://mrhope.top/mpImage/nenuyouth.png", "title": "好想你", "singer": "新媒体中心填词歌曲" }, { "src": "https://res.wx.qq.com/voice/getvoice?mediaid=MzA5MTQ4NjUzMl8yNjUxODc2MDU4", "cover": "https://mrhope.top/mpImage/nenuyouth.png", "title": "那些花儿东师版", "singer": "新媒体中心填词歌曲" }, { "src": "https://res.wx.qq.com/voice/getvoice?mediaid=MzIxOTk0MTkzMF8yMjQ3NDgzODAw", "cover": "https://mrhope.top/mpImage/jingpeng.png", "title": "成都", "singer": "词改编：荆鹏  演唱：翟欣奕" }, { "src": "https://res.wx.qq.com/voice/getvoice?mediaid=MzA5MTQ4NjUzMl8yNjUxODc1MzI3", "cover": "https://mrhope.top/mpImage/logo.png", "title": "师德公约", "singer": "东北师范大学宣" }]