[{"tag":"head","title":"宿舍供电","shareable":true,"contact":true},{"tag":"h3","text":"供电时间"},{"tag":"p","head":"本部校区","text":"周一至周五的供电时间：\n 三舍ABC区：早05:30—08:00；中12:00—13:30；晚15:30—23:00。\n 体育公寓：早05:30—08:00；中11:00—13:30；晚16:30—22:10。\n周六、周日的供电时间：\n 本部三舍ABC为5：30—23：00"},{"tag":"p","head":"净月校区","text":"周一至周五的供电时间：\n 所有公寓：早06:00—08:00；中12:00—13:00；晚15:30—23:00。\n周六、周日的供电时间：\n 6:00—23:00"},{"tag":"p","head":"Tips：","text":"  研究生宿舍全天供电。"},{"tag":"p","head":"注意事项","text":"   三舍A、B、C统一在二舍计电办缴费，每个月学校会给每个宿舍免费使用的电量，当剩余电量小于5度时会进行两分钟的暂停供电作为提醒，需尽快交费，电费为0.525/度；（其实不容易超出过免费用电量）\n   计电办早8:00上班，晚16:00下班。此外假期计电办不上班，请务必提前预存好足够的电费。\n   六舍公寓、体育公寓、净月校区不收电费。"},{"tag":"foot","author":"Mr.Hope","time":"2019/2/10"}]