[{"tag":"head","title":"为何照片这么丑","shareable":true,"contact":true},{"tag":"h3","text":"为什么是这张照片！"},{"tag":"p","text":"   先不怀好意的笑一笑，新卡用的就是高考报考照片。各位同学们请不要埋怨，这是高校在新生入学前能够获得的新生唯一一张照片。"},{"tag":"h3","text":"照片为什么丑的不像话？"},{"tag":"p","text":"   在这张照片企图变成一张美照之前，生活无情的向它挥出了两刀。"},{"tag":"p","head":"第一刀：","text":"   我命由我，成事在己。作为照片的主人你认真的对待了这张照片嘛？\n    在高三匆忙的复习时光里，你是否留意了哪天拍摄报考照片？你忘了？\n   你是否在拍摄照片的当天认真化了妆？你懒了？\n   你是否在摄像师不带耐烦的按下快门之前摆好了表情？你没准备好？"},{"tag":"p","head":"第二刀：","text":"   你以为自己重视就可以免遭制裁？不你错了！接下来是你高中母校操刀的时候了。\n   你的摄影师拍摄的时候手有没有抖？他抖了？.....\n    你的高中母校是否选取了采光良好的地方进行摄像？你黑了？你本来挺白的被统一P图P到过曝？\n   你的母校有严格按照高考照片要求对你的照片进行裁剪以及压缩嘛？你脸扁了？你脸长了？你整张照片糊了？"},{"tag":"h3","text":"照片这么丑可以换么？"},{"tag":"p","text":"   看到这里，可以预想到很多同学产生了挂失卡重新补办来换一张新照片的心理。但是Mr.Hope在这里悲伤地告诉大家：很遗憾不行。无论你补多少张卡，仍然是那张照片。同志们要求信息化办开通一个上传照片的功能已经很多年了，但是考虑到无法判定是否是本人照片以及与本人差距有多大一直没能实现。这张照片会跟着你四年的。ヾ(｡ꏿ﹏ꏿ)ﾉﾞ乌啦啦啦！开心嘛？这张校园卡会时刻提醒你：生活不易，且行且珍惜。"},{"tag":"p","text":"   最后，提示大家：大学学生证照片好好照哦~hhh"},{"tag":"foot","author":"Mr.Hope","time":"2019/2/10"}]