[{ "tag": "head", "title": "长春西站-到净月", "shareable": true, "contact": true }, { "tag": "h3", "text": "公交-轻轨" }, { "tag": "p", "text": "   159路到宽平大桥站，转乘轻轨3号线到东北师范大学站。\n   159路首车：05:40，末车：19:00；\n   轻轨3号线运营时间：6:00—21:00。" }, { "tag": "h3", "text": "有轨电车-轻轨" }, { "tag": "p", "text": "   乘坐55路有轨电车到宽平大桥站，转乘轻轨3号线到东北师范大学站。\n   55路有轨电车：首车：06:00，末车：19:10；\n   轻轨3号线运营时间：6:00—21:00。" }, { "tag": "h3", "text": "打车" }, { "tag": "p", "text": "   约50元，50分钟。" }, { "tag": "foot", "author": "Mr.Hope", "time": "2018/08/22" }]