[{ "tag": "head", "title": "长春站-到净月", "shareable": true, "contact": true }, { "tag": "h3", "text": "公交" }, { "tag": "p", "text": "   南出站口乘160路到东北师范大学站(站名：东北师范大学，千万不要在动植物公园站或者体育场站下车，那个是本部校区)，票价2元，车程约1小时。" }, { "tag": "h3", "text": "打车" }, { "tag": "p", "text": "   40分钟左右，约40元。" }, { "tag": "list", "content": [{ "text": "打车的建议", "icon": "/module/icon/taxi.svg", "aim": "check5" }] }, { "tag": "h3", "text": "轻轨" }, { "tag": "p", "text": "   出了火车站之后，按照地下通道的指示牌可以找到轻轨车站，坐到东北师范大学站。有两种乘坐方式：\n 1. 3号线：1小时左右(如果人多的话会排队买票，较为耗时)，票价3元，请自备零钱，轻轨不支持电子支付手段。从火车站北口出来，经南北通道到火车站南侧。右转即可看到“长春轻轨”字样，乘3号线到东北师范大学站。\n 2. 4号线转3号线：从出站口出站后到底下二楼的换乘中心，进入轻轨四号线，从长春站北上车到卫星路下车，并在站内换乘3号线，坐到东北师范大学站(轻轨3、4号线运营时间均为6:00—21:00。)" }, { "tag": "img", "src": "https://pic.kuaizhan.com/g1/M00/6D/C4/CgpQU1l9QgaAQKvNAACVn-t0kcA0468354/imageView/v1/thumbnail/640x0", "desc": "轻轨3号线路线图" }, { "tag": "img", "src": "https://pic.kuaizhan.com/g1/M00/6D/C4/CgpQU1l9QgWAJYJhAAF4cJECr-s3482228/imageView/v1/thumbnail/640x0", "desc": "轻轨3号线转4号线地图" }, { "tag": "h3", "text": "地铁-轻轨" }, { "tag": "p", "text": "   4元。从综合换乘中心上长春站北站，往红咀子方向，到卫星广场站下车。请注意开往红咀子方向的地铁运营时间是6:06-21:46。之后换乘轻轨3号线到东北师范大学站。" }, { "tag": "img", "src": "https://pic.kuaizhan.com/g2/M01/80/2F/CgpQVFl9NjKAb5W3AAENuxRnTU02539158/imageView/v1/thumbnail/640x0", "desc": "图为1号线站点" }, { "tag": "foot", "author": "Mr.Hope", "time": "2018/08/22" }]