[{ "tag": "head", "title": "坐飞机-到本部", "shareable": true, "contact": true }, { "tag": "h3", "text": "动车-其他（动车价格便宜，车次频繁，速度快，推荐）" }, { "tag": "p", "text": "   先坐动车到长春站，约15分钟，每天大约有16趟车（一等座：10.5元；二等座：8.5元）再从长春站到东北师范大学。一定要查好班车时间，提前规划（长春站到本部的方法见【火车站-本部】）。" }, { "tag": "p", "text": "   下飞机之后，需要走出机场，经过天桥既是动车站。可以提前在12306APP上购买动车票，外面取票人多，过安检之后有取票机人少取票便捷。" }, { "tag": "list", "content": [{ "text": "火车站-本部", "icon": "/module/icon/train.svg", "aim": "check17" }] }, { "tag": "img", "src": "https://pic.kuaizhan.com/g2/M00/82/70/wKjmqll9npSAU_AcAAHqvU6w-tg0508498/imageView/v1/thumbnail/640x0", "desc": "图为龙嘉到长春动车时刻表" }, { "tag": "h3", "text": "机场巴士-公交" }, { "tag": "p", "text": "   约1小时3分钟，需步行417米，21元。机场巴士1号线/ 6号线→306路/66路/6路/6路夜车。\n 1. 乘坐机场巴士1号线到达人民广场站即终点站，20元（机场巴士-首：06:00，末：18:00 ）\n 2. 步行约323米，到达人民广场公交站（西南方向）（从人民广场终点站到人民广场公交站）" }, { "tag": "img", "src": "https://pic.kuaizhan.com/g2/M01/82/2F/wKjmqll9W5yASllQAACz-fycnWU9488751/imageView/v1/thumbnail/640x0", "desc": "图为从人民广场终点站到人民广场公交站地图" }, { "tag": "p", "text": " 3. 乘坐306路/66路/6路/6路夜车到达自由大路站，1元\n4.步行约63米 到达东北师范大学（东北方向）" }, { "tag": "img", "src": "https://pic.kuaizhan.com/g2/M01/7D/95/CgpQVFl7Pf6AXyZiAAEwMfUNe0M5133029/imageView/v1/thumbnail/640x0", "desc": "图为东北师范大学正门" }, { "tag": "h3", "text": "打车" }, { "tag": "p", "text": "   出租车到本部的价格一般是100元左右，约50分钟。长春市龙嘉机场在离长春市区非常非常远的郊区，交通极其不便，打车费用惊人。" }, { "tag": "foot", "author": "Mr.Hope", "time": "2018/09/18" }]