[
    [{ "tag": "head", "title": "开发日志", "grey": true }, { "tag": "p", "head": "小程序特性：", "text": "&emsp;&emsp;独家主题模式，已经初步构建三种主题并可自由切换；iOS主题实现99%界面仿真，已实现iOSnav特性动画。\n&emsp;&emsp;独家夜间模式，可定时开启或手动开启，优化夜间显示效果。\n&emsp;&emsp;东师指南所有子界面实现动态加载，拉取指定的json文件完成界面构建；所有界面文件支持Wifi下下载并本地缓存，界面文件更新时具有更新提示；每个界面都可以弹窗通知，同时界面支持分享。" }, { "tag": "p", "head": "已知bug：", "text": "转发按钮有问题；" }, { "tag": "p", "head": "即将实现的内容：", "text": "tab页载入速度的提高；\n利用head对微信主题tabbar加入阴影；\n构建双排img组件；\n微信列表改为点击展开样式；\nphone组件与doc组件宽度自调整；" }, { "tag": "p", "head": "暂无法实现实现的内容：", "text": "限制wx.request最大并发数；\nlogin界面布局动画异常；\np标签使用text，text2，text3分段；\n绩点计算器输入时键盘异常收起；\n绩点计算器夜间模式显示异常；" }, { "tag": "p", "head": "等待官方改进才能实现的内容：", "text": "regionchange多次触发；\n公众号跳转组件；\niOSpicker-view夜间模式异常；\nbutton的open-type；" }, { "tag": "list", "head": "日志如下：", "content": [{ "text": "alpha日志", "aim": "log1" }, { "text": "V0.1开发日志", "aim": "log2" }, { "text": "V0.2开发日志", "aim": "log3" }, { "text": "V0.3开发日志", "aim": "log4" }, { "text": "V0.4开发日志", "aim": "log5" }, { "text": "V0.5开发日志", "aim": "log6" }, { "text": "V0.6开发日志", "aim": "log7" }, { "text": "V0.7开发日志", "aim": "log8" }, { "text": "V0.8开发日志", "aim": "log9" }, { "text": "V0.9开发日志", "aim": "log10" }] }],
    [{ "tag": "head", "title": "alpha开发日志", "grey": true }, { "tag": "p", "head": "V0.0.1", "text": "制作了navigationBar与tabBar；\n导入网页的生活界面；\n增加制作了footer；\n简要地对东师青年指南界面进行了链接；\n制作了无定义界面的跳转内容；" }, { "tag": "p", "head": "V0.0.2", "text": "修复tabBar的icon模糊情况；\n修复图片显示比例不正常的问题；\n对页面样式进行了简单的定义与设计；" }, { "tag": "p", "head": "V0.0.3", "text": "利用globalData，属性进行批量定义；\n重新组织了界面，为以后开发主题提供接口；" }, { "tag": "p", "head": "V0.0.4", "text": "精简优化了代码，代码数量减少了15 %；\n少量错误修复，思考切换主题时如何动态改变界面渲染情况，思考导入夜间模式方法；" }, { "tag": "p", "head": "V0.0.5", "text": "调用微信存储接口保存主题信息；\n模板化js，加入公共js模板util.js并调试成功；" }, { "tag": "p", "head": "V0.0.6", "text": "简单对部分界面添加了样式，进行了美化；\n初步制作主题切换界面，加入picker并进行初步调试；" }, { "tag": "p", "head": "V0.0.7", "text": "修复了几处错误并进行了功能改进；\n重建小程序目录结构；\n初步制作iOS主题样式；" }, { "tag": "p", "head": "V0.0.8", "text": "对界面内容进行模块化；\n初步制作iOS navigationBar特效；\n完整构造iOS主题样式；\n初步构建iOS夜间模式；" }, { "tag": "p", "head": "V0.0.9", "text": "修复主题选择器无法改变theme值的问题，新增夜间模式开关；\n修复了iOS夜间模式的几个bug，完整构建iOS夜间主题；" }, { "tag": "p", "head": "Valpha Final patched by Mr.Hope", "text": "修复了全部已知bug；\n缩小了50 % 的代码包体积\n修复了以下bug：\n  修复了tabBar文字消失的问题；\n  修复了主题页面文字不能换色的问题；\n  修复夜间模式彩蛋显示不清的问题；\n  修复首页及主题页夜间模式异常的问题；\n进行了以下优化：\n  对东师指南和功能界面进行夜间模式适配；\n  删除无用代码与注释；\n  统一已编写代码格式；\n  优化logo与nenuyouth图片大小；" }, { "tag": "foot" }],
    [{ "tag": "head", "title": "V0.1开发日志", "grey": true }, { "tag": "p", "head": "V0.1.1", "text": "修复了链接列表文字略偏上的问题；\n修复了链接列表箭头略偏下的问题；\n修复navtitle动画延后的问题；\n修复了在某些机型上navigationBar title位置错误的问题；" }, { "tag": "p", "head": "V0.1.2", "text": "在navigationBar中加入了返回交互动画；\n尝试适配iPhone X；\n优化了界面通信；\n修复了夜间模式必须重启才可切换的问题；" }, { "tag": "p", "head": "V0.1.3", "text": "重建主题控件，完成了主题切换模式；\n修复了tabBar栏在切换夜间模式后不能变黑的问题；\n少量错误修复；" }, { "tag": "p", "head": "V0.1.4", "text": "重新编写了滚动动画，优化了iOS主题下navBar的显示效果；\n略微减小了navBar高度；去除兀余语句；\n优化了代码包的体积；" }, { "tag": "p", "head": "V0.1.5", "text": "修复了navB动画延后的问题，优化滚动动画响应速度；\n判断基础库版本，过低禁用小程序；\n修复了V0.0.1日志界面不能返回的问题；\n修复了主题界面的显示问题；" }, { "tag": "p", "head": "V0.1.6", "text": "重新构建小程序；\n去除兀余语句；\n大幅减少代码包的体积；" }, { "tag": "p", "head": "V0.1.7", "text": "重新新构建界面，使用wx: for渲染template模板，将页面信息置于js的pageData中；" }, { "tag": "p", "head": "V0.1.8", "text": "完全适配iPhone X；\n改善了iOS样式，完善了与iOS原生系统不一致的一些细节；" }, { "tag": "p", "head": "V0.1.9", "text": "大幅改进iOSList标签；\n改进了主题切换逻辑；\n改变了开关触发器；" }, { "tag": "p", "head": "V0.1.10", "text": "大幅精简iOShead，通过添加界面传参来优化page参数数量；\n少量代码压缩及故障修复；" }, { "tag": "p", "head": "V0.1Final", "text": "对iOS样式进行重新整理与精简；\n优化了部分函数逻辑，减少渲染时间；\n数个bug修复；" }, { "tag": "foot" }],
    [{ "tag": "head", "title": "V0.2开发日志", "grey": true }, { "tag": "p", "head": "V0.2.1", "text": "增加了夜间模式修改开始与启动时间的功能；\n添加了iOSpicker-view模板；\n改进了夜间模式设置函数；\n精简了界面js模板的代码数量；" }, { "tag": "p", "head": "V0.2.2", "text": "修复自动开启夜间模式判断开始与结束时间异常的问题；" }, { "tag": "p", "head": "V0.2.3", "text": "初步构建微信主题夜间模式；" }, { "tag": "p", "head": "V0.2.4", "text": "加入绩点计算器；\n加入初始化根据平台加载主题功能；" }, { "tag": "p", "head": "V0.2.5", "text": "优化夜间模式开关逻辑；\n优化pickerView相关代码；" }, { "tag": "p", "head": "V0.2.6", "text": "优化util调用方式；\n建立empty模板,加入wx:key减少报错；" }, { "tag": "p", "head": "V0.2.7", "text": "加入study首页；\n初步构建wechat夜间模式；" }, { "tag": "p", "head": "V0.2.8", "text": "对小程序升级进行判断；\n完善SDK判断；" }, { "tag": "p", "head": "V0.2.9", "text": "夜间模式开关逻辑优化；\n升级小程序版本库到2.0.2；\n加入大量界面；" }, { "tag": "p", "head": "V0.2.10", "text": "改进iOS模板；废弃了n属性；\nimg模块增加了预览，加载loading图和加载错误提示功能；" }, { "tag": "foot" }],
    [{ "tag": "head", "title": "V0.3开发日志", "grey": true }, { "tag": "p", "head": "V0.3.1", "text": "重构了界面，优化小程序性能；" }, { "tag": "p", "head": "V0.3.2", "text": "修复了微信主题导航栏异常的问题；\n重新编写微信主题导航栏样式；" }, { "tag": "p", "head": "V0.3.3", "text": "精简了小程序样式代码；" }, { "tag": "p", "head": "V0.3.4", "text": "重新构建了P标签，废弃h2标签，废弃n标签；" }, { "tag": "p", "head": "V0.3.5", "text": "重构switch和picker-view函数，精简参数；" }, { "tag": "p", "head": "V0.3.6", "text": "移除pages本地内容改为在线加载；\n利用服务器缓存json，进入页面的时候直接从服务器加载；" }, { "tag": "p", "head": "V0.3.7", "text": "首次进入页面从服务器加载，第二次调用本地缓存节省流量；" }, { "tag": "p", "head": "V0.3.8", "text": "再度精简了界面初始代码；" }, { "tag": "p", "head": "V0.3.9", "text": "改进了页面Onload代码；\n引入showloading组件指示下载进度；" }, { "tag": "p", "head": "V0.3.10", "text": "适配了study界面和dorm界面，在设置里添加了提示开关；" }, { "tag": "foot" }],
    [{ "tag": "head", "title": "V0.4开发日志", "grey": true }, { "tag": "p", "head": "V0.4.1", "text": "微信导航栏底端的进一步优化调整；" }, { "tag": "p", "head": "V0.4.2", "text": "构建doc组件；" }, { "tag": "p", "head": "V0.4.3", "text": "构建list中的button模式；\n设置中加入立即刷新按钮；" }, { "tag": "p", "head": "V0.4.4", "text": "修复list夜间模式的bug；\n初步构建phone组件；" }, { "tag": "p", "head": "V0.4.5", "text": "初步构建slider的视图层；\n改进phone组件；\n修复button点击态失效的问题；" }, { "tag": "p", "head": "V0.4.6", "text": "加入日间夜间亮度滑块及调节开关；\n完整构建list中的slider；" }, { "tag": "p", "head": "V0.4.7", "text": "进一步优化设置界面显示效果；\n初步构建listIcon；\niOS主题下list样式的细节调整;" }, { "tag": "p", "head": "V0.4.8", "text": "进一步优化设置listicon；\n构建list中的picker；" }, { "tag": "p", "head": "V0.4.9", "text": "初步构建grid组件；\n修改了主题设置界面，完成初步适配；" }, { "tag": "foot" }],
    [{ "tag": "head", "title": "V0.5开发日志", "grey": true }, { "tag": "p", "head": "V0.5.1", "text": "构建了出现错误显示的界面；\n改进了grid的显示效果；\n改进了微信主题下的分割线宽度；" }, { "tag": "p", "head": "V0.5.2", "text": "创建了login界面并进行了初步设计；" }, { "tag": "p", "head": "V0.5.3", "text": "初步改进了资源目录；\n增设了NENU主题；" }, { "tag": "p", "head": "V0.5.4", "text": "尝试引入PubSub；" }, { "tag": "p", "head": "V0.5.5", "text": "合并组件函数为cA；\n加入了map界面；" }, { "tag": "p", "head": "V0.5.6", "text": "改进doc组件加载；\n加入json测试界面；" }, { "tag": "p", "head": "V0.5.7", "text": "对map界面进行了简单的调试；\n去除了多余的log界面；" }, { "tag": "p", "head": "V0.5.8", "text": "更改了fileList的json数据格式，缩小50%的体积加快加载速度；\n对check界面进行了简单的修复；" }, { "tag": "p", "head": "V0.5.9", "text": "尝试启用部分更新功能；\n修复了初始化后设置主题不显示的问题；" }, { "tag": "p", "head": "V0.5.10", "text": "重构了首页功能界面；\n在东师指南界面使用grid组件；\n在tab栏中加入了东青文创页；" }, { "tag": "foot" }],
    [{ "tag": "head", "title": "V0.6开发日志", "grey": true }, { "tag": "p", "head": "V0.6.1", "text": "修复完善了fileList部分更新的功能；\n简要制作了部分模块的夜间模式；" }, { "tag": "p", "head": "V0.6.2", "text": "添加了swiper组件；\n改变了价格字体；" }, { "tag": "p", "head": "V0.6.3", "text": "初步制作了东青文创中心界面；\n建立商品点击态；" }, { "tag": "p", "head": "V0.6.4", "text": "初步制作了文创商品界面结构；\n构建返回按钮；\ntab页改版，新增我的东师界面；" }, { "tag": "p", "head": "V0.6.5", "text": "初步制作了文创商品的弹出层；\n优化了下载文件时的百分比显示；\n修复了wechat主题设置界面分割线重叠的问题；" }, { "tag": "p", "head": "V0.6.6", "text": "修复了wechat夜间模式导航栏阴影异常；\n添加了iOS的navigationBar回弹动画；\n修改了p标签head参数逻辑；" }, { "tag": "p", "head": "V0.6.7", "text": "所有界面添加了sN函数；\n改进了utils.js；" }, { "tag": "p", "head": "V0.6.8", "text": "改进了NENUNav；\n改进了error界面；\n改进map页样式；" }, { "tag": "p", "head": "V0.6.9", "text": "修复NENUTitle位置错误；\n优化了cart页动画；\n构建common tab；" }, { "tag": "p", "head": "V0.6.10", "text": "增加NENUTitle位置错误；\n重新设计了map页面；\n实现定位功能；" }],
    [{ "tag": "head", "title": "V0.7开发日志", "grey": true }, { "tag": "p", "head": "V0.7.0", "text": "修复iOS error返回按钮的问题；\n修复map界面点击态失效的问题；\n修复商品页关闭按钮位置错误的问题；\n修复map弹出列表显示错误的问题；\n修复NENU首页导航栏异常；\n修复shop界面导航栏不随主题切换的问题；" }, { "tag": "p", "head": "V0.7.1", "text": "map界面增加marker与label；\n初步适配iPad；\n初步制作了地点nav；" }, { "tag": "p", "head": "V0.7.2", "text": "制作了footer；\n制作了界面弹窗；" }, { "tag": "p", "head": "V0.7.2", "text": "footer改进；\n现在可以选中段落文字了；" }, { "tag": "p", "head": "V0.7.3", "text": "初步完成util.js重组；\n尝试预先setPage，进入后开始加载可能打开的界面；" }, { "tag": "p", "head": "V0.7.4", "text": "进一步完善界面预载入；\n大量优化已有函数的性能；" }, { "tag": "p", "head": "V0.7.5", "text": "完成tab页之外的界面预载入；\n重新组织并调用函数库；" }, { "tag": "p", "head": "V0.7.6", "text": "大量故障修复：\n修复image不能预览的问题；\n初步修复wechat主题首页显示返回按钮的问题；\nfooter改进；\n改进了iOS和微信主题的head相应逻辑；\n微信主题返回按钮增加文字；" }, { "tag": "p", "head": "V0.7.7", "text": "修复图片lazyload模式异常；\n初步添加worker；" }, { "tag": "p", "head": "V0.7.8", "text": "加入了新生报到、校园卡、校园网。吃喝玩乐界面；\n主页重构；\n初步实现进入小程序弹窗功能；\nnotice加入每次打开界面都弹窗的功能；" }, { "tag": "p", "head": "V0.7.9", "text": "修改完善了新生攻略部分界面；\n测试web-view组件；" }, { "tag": "p", "head": "V0.7.10", "text": "加入marker处理函数；\n地图页可以显示marker；" }],
    [{ "tag": "head", "title": "V0.8开发日志", "grey": true }, { "tag": "p", "head": "V0.8.0", "text": "完善了关于界面；\n首页改版，制作了功能未完成的回调界面；" }, { "tag": "p", "head": "V0.8.1", "text": "地图界面进一步改进；\n修复转发界面；\n修复通知；" }, { "tag": "p", "head": "V0.8.2", "text": "加入音乐界面；" }, { "tag": "p", "head": "V0.8.3", "text": "初步构建校园风光wxml；\n数处bug修复；" }, { "tag": "p", "head": "V0.8.4", "text": "界面渲染速度进一步提高；\n初步构建播放器界面；\n改进template，加入template-all模板；" }, { "tag": "p", "head": "V0.8.5", "text": "template进一步压缩，通用模板一体化；\n优化压缩iOS.wxss；" }, { "tag": "p", "head": "V0.8.6", "text": "优化压缩Android.wxss；\n修复tabbar阴影在安卓上显示异常的问题；\n改进页脚；" }, { "tag": "p", "head": "V0.8.7", "text": "优化压缩NENU.wxss；\n改进NENU头部标题；\n抽取构建common.wxss；\n加入wx.setBackgroundcolor；" }, { "tag": "p", "head": "V0.8.8", "text": "Android图片bug修复；\n改进shop页显示；\n改进p标签文字；" }, { "tag": "p", "head": "V0.8.9", "text": "数个bug修复；\n改进wx.setBackgroundcolor；\n尝试动态设置文字；" }],
    [{ "tag": "head", "title": "V0.9开发日志", "grey": true }, { "tag": "p", "head": "V0.9.0", "text": "播放器界面美化；\n初步建立播放器播放逻辑；\n初步动态设置文字；" }, { "tag": "p", "head": "V0.9.1", "text": "数个bug修复；\n字体显示效果优化；\n安卓段落在某些机型上显示异常的修复；" }, { "tag": "p", "head": "V0.9.2", "text": "音乐播放器界面制作了进度条；\n关于界面报错修复；\n段落空格大小修复；" }, { "tag": "p", "head": "V0.9.3", "text": "设计修改底层框架思路，完善预加载，减少界面启动速度；" }, { "tag": "p", "head": "V0.9.4", "text": "引入wxpage并做初步调试；" }, { "tag": "p", "head": "V0.9.5", "text": "modules引入preload；\n数个bug修复；\n重构setPage.js；" }, { "tag": "p", "head": "V0.9.6", "text": "主页引入preload；\n数个bug修复；" }, { "tag": "p", "head": "V0.9.7", "text": "暂时解决map载入异常的问题；\n修复主题和夜间模式切换的问题；\n初步压缩tab.js；" }, { "tag": "p", "head": "V0.9.8", "text": "解决分享界面的问题；\n更改了text空格为ensp；\n修复了img模块desc失效的问题；" }, { "tag": "p", "head": "V0.9.9", "text": "改变开发者模式中退出小程序的逻辑；\n合并了json加快下载速度；\n增加了精彩东师功能；" }, { "tag": "p", "head": "V0.9.10", "text": "完善功能，重构了loading界面；\n改进了音律东师功能；\n改进了精彩东师功能；" }],
    [{ "tag": "head", "title": "更新日志", "grey": true }, { "tag": "p", "head": "V1.0.1 2018.08.20", "text": "部分bug修复；" }, { "tag": "p", "head": "V1.0.2 2018.08.21", "text": "增加了分享悬浮窗；" }, { "tag": "p", "head": "V1.0.3 2018.08.22", "text": "增加了事件监控；\n移除腾讯判定违规内容；" }, { "tag": "p", "head": "V1.0.4 2018.08.23", "text": "新增公众号组件；\n添加公众号文章跳转功能；" }, { "tag": "p", "head": "V1.0.5 2018.08.23", "text": "影约东师支持腾讯视频；" }, { "tag": "p", "head": "V1.0.6 2018.08.24", "text": "添加视频组件；\n修复腾讯视频无法播放的问题；\n更换了部分icon；" }, { "tag": "p", "head": "V1.0.7 2018.08.25", "text": "对NENU主题导航栏显示效果进行优化；\n添加错误监控报警；\n加入强制更新器；" }, { "tag": "p", "head": "V1.0.8 2018.08.26", "text": "移除东青文创界面；\n改进二维码；" }, { "tag": "p", "head": "V1.0.9 2018.08.27", "text": "成功生成二维码；\n改进app通知逻辑；\n增加intro组件；" }, { "tag": "p", "head": "V1.0.10 2018.09.27", "text": "受腾讯政策影响该移除影约东师；\n初步对iPad等大屏设备进行适配；" }, { "tag": "foot", "author": "Mr.Hope" }]
]