[{ "tag": "head", "title": "V0.2开发日志", "grey": true }, { "tag": "p", "head": "V0.2.1", "text": "增加了夜间模式修改开始与启动时间的功能；\n添加了iOSpicker-view模板；\n改进了夜间模式设置函数；\n精简了界面js模板的代码数量；" }, { "tag": "p", "head": "V0.2.2", "text": "修复自动开启夜间模式判断开始与结束时间异常的问题；" }, { "tag": "p", "head": "V0.2.3", "text": "初步构建微信主题夜间模式；" }, { "tag": "p", "head": "V0.2.4", "text": "加入绩点计算器；\n加入初始化根据平台加载主题功能；" }, { "tag": "p", "head": "V0.2.5", "text": "优化夜间模式开关逻辑；\n优化pickerView相关代码；" }, { "tag": "p", "head": "V0.2.6", "text": "优化util调用方式；\n建立empty模板,加入wx:key减少报错；" }, { "tag": "p", "head": "V0.2.7", "text": "加入study首页；\n初步构建wechat夜间模式；" }, { "tag": "p", "head": "V0.2.8", "text": "对小程序升级进行判断；\n完善SDK判断；" }, { "tag": "p", "head": "V0.2.9", "text": "夜间模式开关逻辑优化；\n升级小程序版本库到2.0.2；\n加入大量界面；" }, { "tag": "p", "head": "V0.2.10", "text": "改进iOS模板；废弃了n属性；\nimg模块增加了预览，加载loading图和加载错误提示功能；" }, { "tag": "foot" }]