[{ "tag": "head", "title": "V0.7开发日志", "grey": true }, { "tag": "p", "head": "V0.7.0", "text": "修复iOS error返回按钮的问题；\n修复map界面点击态失效的问题；\n修复商品页关闭按钮位置错误的问题；\n修复map弹出列表显示错误的问题；\n修复NENU首页导航栏异常；\n修复shop界面导航栏不随主题切换的问题；" }, { "tag": "p", "head": "V0.7.1", "text": "map界面增加marker与label；\n初步适配iPad；\n初步制作了地点nav；" }, { "tag": "p", "head": "V0.7.2", "text": "制作了footer；\n制作了界面弹窗；" }, { "tag": "p", "head": "V0.7.2", "text": "footer改进；\n现在可以选中段落文字了；" }, { "tag": "p", "head": "V0.7.3", "text": "初步完成util.js重组；\n尝试预先setPage，进入后开始加载可能打开的界面；" }, { "tag": "p", "head": "V0.7.4", "text": "进一步完善界面预载入；\n大量优化已有函数的性能；" }, { "tag": "p", "head": "V0.7.5", "text": "完成tab页之外的界面预载入；\n重新组织并调用函数库；" }, { "tag": "p", "head": "V0.7.6", "text": "大量故障修复：\n修复image不能预览的问题；\n初步修复wechat主题首页显示返回按钮的问题；\nfooter改进；\n改进了iOS和微信主题的head相应逻辑；\n微信主题返回按钮增加文字；" }, { "tag": "p", "head": "V0.7.7", "text": "修复图片lazyload模式异常；\n初步添加worker；" }, { "tag": "p", "head": "V0.7.8", "text": "加入了新生报到、校园卡、校园网。吃喝玩乐界面；\n主页重构；\n初步实现进入小程序弹窗功能；\nnotice加入每次打开界面都弹窗的功能；" }, { "tag": "p", "head": "V0.7.9", "text": "修改完善了新生攻略部分界面；\n测试web-view组件；" }, { "tag": "p", "head": "V0.7.10", "text": "加入marker处理函数；\n地图页可以显示marker；" }]